City_ID,City,Country,Date,Lat,Lng,Max Temp,Humidity,Cloudiness,Wind Speed
0,Butaritari,KI,2022-04-18 23:11:24,3.0707,172.7902,81.79,75,15,12.21
1,Albany,US,2022-04-18 23:12:36,42.6001,-73.9662,51.57,37,100,8.99
2,Punta Arenas,CL,2022-04-18 23:07:39,-53.15,-70.9167,48.31,76,75,13.8
3,Anadyr,RU,2022-04-18 23:14:03,64.75,177.4833,32.5,92,75,13.42
4,Nhulunbuy,AU,2022-04-18 23:14:04,-12.2333,136.7667,81.21,83,75,6.91
5,Yellowknife,CA,2022-04-18 23:14:05,62.456,-114.3525,24.57,35,95,5.01
6,Rikitea,PF,2022-04-18 23:12:24,-23.1203,-134.9692,78.57,70,7,14.45
7,Caravelas,BR,2022-04-18 23:14:06,-17.7125,-39.2481,76.86,68,38,9.89
8,Aburi,GH,2022-04-18 23:14:06,5.8472,-0.1775,72.5,82,100,3.18
9,Carnarvon,AU,2022-04-18 23:10:11,-24.8667,113.6333,73.0,52,29,14.94
10,Trincomalee,LK,2022-04-18 23:14:07,8.5711,81.2335,79.65,84,42,10.83
11,Bluff,NZ,2022-04-18 23:12:31,-46.6,168.3333,56.8,78,100,6.08
12,Atuona,PF,2022-04-18 23:14:08,-9.8,-139.0333,79.88,71,42,17.36
13,Puerto Ayora,EC,2022-04-18 23:11:20,-0.7393,-90.3518,76.95,83,100,6.58
14,Rafaela,AR,2022-04-18 23:10:11,-31.2503,-61.4867,64.99,66,0,7.07
15,Mataura,NZ,2022-04-18 23:10:01,-46.1927,168.8643,56.48,59,100,3.02
16,Khatanga,RU,2022-04-18 23:14:10,71.9667,102.5,-1.95,99,91,6.76
17,Mehamn,NO,2022-04-18 23:14:11,71.0357,27.8492,39.2,93,100,23.22
18,Cabo San Lucas,MX,2022-04-18 23:08:38,22.8909,-109.9124,88.61,38,20,11.5
19,Sahuaripa,MX,2022-04-18 23:14:12,29.05,-109.2333,104.56,4,3,8.16
20,Campbell River,CA,2022-04-18 23:14:12,50.0163,-125.2446,44.46,93,100,5.75
21,Abu Dhabi,AE,2022-04-18 23:13:47,24.4667,54.3667,78.82,46,0,5.75
22,Tubmanburg,LR,2022-04-18 23:14:13,6.8708,-10.8172,76.33,88,95,2.46
23,Bonavista,CA,2022-04-18 23:14:14,48.6499,-53.1147,33.26,77,57,28.03
24,Avarua,CK,2022-04-18 23:12:28,-21.2078,-159.775,82.45,69,80,4.61
25,Kamenka,RU,2022-04-18 23:14:15,51.3223,42.7678,51.69,73,84,10.58
26,Ixtapa,MX,2022-04-18 23:14:16,20.7,-105.2,76.23,73,0,11.5
27,Lorengau,PG,2022-04-18 23:11:06,-2.0226,147.2712,84.88,70,100,8.86
28,Rio Grande,BR,2022-04-18 23:14:17,-32.035,-52.0986,66.94,83,49,13.98
29,Marzuq,YE,2022-04-18 23:14:18,14.4,46.4667,72.03,42,19,4.47
30,Faanui,PF,2022-04-18 23:14:18,-16.4833,-151.75,81.57,72,9,8.99
31,Jalu,LY,2022-04-18 23:14:19,29.0331,21.5482,62.73,58,2,13.29
32,Lakes Entrance,AU,2022-04-18 23:14:20,-37.8811,147.981,59.16,92,100,4.34
33,Thompson,CA,2022-04-18 23:10:04,55.7435,-97.8558,36.25,69,100,4.92
34,Castro,BR,2022-04-18 23:14:21,-24.7911,-50.0119,54.91,95,41,4.7
35,Boa Vista,BR,2022-04-18 23:14:21,2.8197,-60.6733,85.98,54,40,10.36
36,Gewane,ET,2022-04-18 23:14:22,10.1664,40.6453,83.32,39,24,6.33
37,Naklo Nad Notecia,PL,2022-04-18 23:14:23,53.1421,17.6018,40.44,61,100,7.63
38,Kapaa,US,2022-04-18 23:11:17,22.0752,-159.319,80.58,77,40,17.27
39,Hithadhoo,MV,2022-04-18 23:14:24,-0.6,73.0833,82.89,73,99,4.5
40,Padang,ID,2022-04-18 23:14:25,-0.9492,100.3543,75.25,87,100,4.41
41,Margate,GB,2022-04-18 23:14:25,51.3813,1.3862,50.7,84,100,1.01
42,Promyshlennovskiy,RU,2022-04-18 23:14:26,55.4833,86.2,30.97,85,95,6.89
43,Buinsk,RU,2022-04-18 23:14:26,54.95,48.2833,38.08,92,100,8.41
44,Ilulissat,GL,2022-04-18 23:15:27,69.2167,-51.1,10.42,72,75,13.8
45,Port Shepstone,ZA,2022-04-18 23:15:28,-30.7414,30.455,65.88,81,0,9.15
46,Mar Del Plata,AR,2022-04-18 23:12:37,-38.0023,-57.5575,66.09,92,0,20.0
47,Nichinan,JP,2022-04-18 23:15:29,31.6,131.3667,60.48,73,100,4.56
48,Znamenskoye,RU,2022-04-18 23:15:29,57.1281,73.8282,29.64,79,13,3.53
49,Inirida,CO,2022-04-18 23:15:30,3.8653,-67.9239,74.98,92,79,1.79
50,Ushuaia,AR,2022-04-18 23:07:22,-54.8,-68.3,47.86,61,75,13.8
51,Iqaluit,CA,2022-04-18 23:15:31,63.7506,-68.5145,1.13,71,100,4.61
52,Te Anau,NZ,2022-04-18 23:15:32,-45.4167,167.7167,60.01,71,100,3.71
53,Kieta,PG,2022-04-18 23:15:32,-6.2167,155.6333,83.43,70,100,1.07
54,Longyearbyen,SJ,2022-04-18 23:15:33,78.2186,15.6401,12.04,79,0,5.75
55,Mackay,AU,2022-04-18 23:15:34,-21.15,149.2,75.69,74,78,12.39
56,Baherden,TM,2022-04-18 23:15:34,38.4362,57.4316,58.84,61,92,2.89
57,Kodiak,US,2022-04-18 23:15:35,57.79,-152.4072,38.71,81,100,18.41
58,Port Augusta,AU,2022-04-18 23:15:35,-32.5,137.7667,61.54,64,61,14.03
59,Hermanus,ZA,2022-04-18 23:12:39,-34.4187,19.2345,60.8,90,8,11.54
60,Cajati,BR,2022-04-18 23:15:36,-24.7361,-48.1228,63.48,90,69,2.51
61,Meadow Lake,US,2022-04-18 23:15:37,34.8014,-106.5436,79.79,9,90,17.36
62,Hobart,AU,2022-04-18 23:12:38,-42.8794,147.3294,58.26,77,75,5.75
63,Bay Roberts,CA,2022-04-18 23:15:38,47.5999,-53.2648,36.05,76,48,5.99
64,Upernavik,GL,2022-04-18 23:11:03,72.7868,-56.1549,10.08,95,100,5.57
65,Jamestown,US,2022-04-18 23:15:36,42.097,-79.2353,34.72,77,100,10.36
66,Governador Valadares,BR,2022-04-18 23:15:40,-18.8511,-41.9494,72.16,77,63,3.85
67,Turukhansk,RU,2022-04-18 23:15:40,65.8167,87.9833,21.87,95,100,18.1
68,Chara,RU,2022-04-18 23:14:01,56.9064,118.2631,28.33,75,26,2.3
69,Cape Town,ZA,2022-04-18 23:07:39,-33.9258,18.4232,61.92,86,2,14.0
70,Presidente Medici,BR,2022-04-18 23:15:41,-11.1753,-61.9014,74.41,93,19,1.52
71,Maragogi,BR,2022-04-18 23:15:42,-9.0122,-35.2225,78.21,81,48,7.63
72,Saint-Pierre,RE,2022-04-18 23:15:43,-21.3393,55.4781,76.91,80,0,3.44
73,Bengkulu,ID,2022-04-18 23:15:43,-3.8004,102.2655,75.34,83,99,3.56
74,Berbera,SO,2022-04-18 23:15:03,10.4396,45.0143,81.81,87,8,3.44
75,Victoria,HK,2022-04-18 23:15:44,22.2855,114.1577,70.25,85,100,5.99
76,East London,ZA,2022-04-18 23:15:45,-33.0153,27.9116,66.6,84,94,5.7
77,Busselton,AU,2022-04-18 23:12:19,-33.65,115.3333,61.7,86,97,5.68
78,Guangshui,CN,2022-04-18 23:15:46,31.6199,113.9978,58.68,59,100,3.44
79,Vao,NC,2022-04-18 23:15:46,-22.6667,167.4833,75.9,75,56,6.26
80,Cherskiy,RU,2022-04-18 23:12:23,68.75,161.3,24.1,88,100,6.76
81,Santa Cruz Del Sur,CU,2022-04-18 23:15:47,20.7147,-77.9956,80.15,70,4,7.05
82,Tiksi,RU,2022-04-18 23:15:48,71.6872,128.8694,3.99,100,100,3.02
83,Bredasdorp,ZA,2022-04-18 23:09:00,-34.5322,20.0403,58.33,96,10,4.16
84,Arraial Do Cabo,BR,2022-04-18 23:07:38,-22.9661,-42.0278,72.45,76,3,8.61
85,Anloga,GH,2022-04-18 23:15:50,5.7947,0.8973,79.59,80,100,7.36
86,El Alto,PE,2022-04-18 23:15:50,-4.2714,-81.2147,69.46,77,92,13.11
87,Port Alfred,ZA,2022-04-18 23:15:51,-33.5906,26.891,60.19,97,48,3.09
88,Kaitangata,NZ,2022-04-18 23:15:52,-46.2817,169.8464,61.45,54,93,3.47
89,Nuuk,GL,2022-04-18 23:16:53,64.1835,-51.7216,16.41,73,100,21.85
90,Chimbarongo,CL,2022-04-18 23:16:53,-34.7,-71.05,59.88,43,59,4.16
91,Hilo,US,2022-04-18 23:12:17,19.7297,-155.09,80.28,77,75,11.5
92,Tuktoyaktuk,CA,2022-04-18 23:12:35,69.4541,-133.0374,16.48,79,1,7.67
93,Dabat,ET,2022-04-18 23:16:55,12.9842,37.765,63.01,42,77,3.56
94,Siguiri,GN,2022-04-18 23:16:55,11.6667,-9.5,89.22,27,100,1.88
95,Oyama,JP,2022-04-18 23:16:56,36.3,139.8,57.58,67,61,2.01
96,Qaanaaq,GL,2022-04-18 23:16:50,77.484,-69.3632,-11.4,84,35,1.1
97,Norman Wells,CA,2022-04-18 23:16:57,65.282,-126.8329,30.24,31,0,9.22
98,Barrow,US,2022-04-18 23:16:57,71.2906,-156.7887,6.82,78,0,4.61
99,Sumenep,ID,2022-04-18 23:16:58,-7.0167,113.8667,80.64,83,100,4.23
100,Araceli,PH,2022-04-18 23:16:58,10.5529,119.9913,82.87,73,70,20.71
101,Tessalit,ML,2022-04-18 23:16:59,20.1986,1.0114,76.5,14,0,7.23
102,Odienne,CI,2022-04-18 23:17:00,9.51,-7.5692,76.23,76,100,7.92
103,Svetlogorsk,BY,2022-04-18 23:17:00,52.6333,29.7333,35.87,99,100,4.65
104,Torbay,CA,2022-04-18 23:14:06,47.6666,-52.7314,35.28,87,75,18.41
105,Saint-Philippe,RE,2022-04-18 23:17:01,-21.3585,55.7679,76.59,87,31,11.41
106,Dunedin,NZ,2022-04-18 23:17:02,-45.8742,170.5036,62.49,53,98,2.51
107,Kirakira,SB,2022-04-18 23:17:02,-10.4544,161.9205,83.3,73,100,5.53
108,Concordia,AR,2022-04-18 23:17:03,-31.393,-58.0209,63.79,89,25,3.0
109,Georgetown,MY,2022-04-18 23:15:28,5.4112,100.3354,80.53,92,20,4.61
110,Talnakh,RU,2022-04-18 23:12:41,69.4865,88.3972,14.92,94,100,8.08
111,Antofagasta,CL,2022-04-18 23:13:22,-23.65,-70.4,61.88,85,2,2.8
112,Rezh,RU,2022-04-18 23:17:05,57.37,61.4043,39.18,97,100,5.03
113,Lyantonde,UG,2022-04-18 23:17:05,-0.4031,31.1572,64.11,93,43,3.09
114,Tottori,JP,2022-04-18 23:17:06,35.5,134.2333,53.67,58,75,5.75
115,Cacule,BR,2022-04-18 23:17:07,-14.5033,-42.2222,71.74,75,100,6.13
116,Fairbanks,US,2022-04-18 23:15:32,64.8378,-147.7164,42.49,29,0,12.66
117,Hualmay,PE,2022-04-18 23:17:08,-11.0964,-77.6139,67.73,82,89,9.44
118,Ponta Do Sol,PT,2022-04-18 23:17:09,32.6667,-17.1,63.23,65,66,13.6
119,Omsukchan,RU,2022-04-18 23:17:09,62.5333,155.8,21.65,90,95,5.91
120,Jeremie,HT,2022-04-18 23:17:10,18.65,-74.1167,78.58,77,65,0.94
121,Lebu,CL,2022-04-18 23:17:11,-37.6167,-73.65,54.34,92,100,3.13
122,Chateaubelair,VC,2022-04-18 23:17:11,13.2833,-61.25,77.52,89,75,12.66
123,Seara,PT,2022-04-18 23:17:12,41.1818,-7.8003,52.84,76,57,5.75
124,Voh,NC,2022-04-18 23:17:13,-20.9667,164.7,80.24,74,23,4.56
125,Chokurdakh,RU,2022-04-18 23:17:13,70.6333,147.9167,9.93,92,53,4.18
126,Havoysund,NO,2022-04-18 23:17:14,70.9963,24.6622,39.43,91,100,22.24
127,Vaini,TO,2022-04-18 23:17:15,-21.2,-175.2,80.76,89,75,10.36
128,Kargil,IN,2022-04-18 23:17:16,34.5667,76.1,31.41,54,5,3.78
129,Pringsewu,ID,2022-04-18 23:17:16,-5.3582,104.9744,74.88,93,99,0.56
130,Hede,CN,2022-04-18 23:14:06,33.7681,120.2517,56.16,65,91,2.08
131,Gizo,SB,2022-04-18 23:15:29,-8.103,156.8419,81.66,74,100,8.75
132,Codrington,AU,2022-04-18 23:17:19,-38.2667,141.9667,57.81,67,100,7.76
133,Riohacha,CO,2022-04-18 23:17:19,11.5444,-72.9072,80.65,78,31,6.44
134,Bereda,ES,2022-04-18 23:18:20,43.2686,-7.5406,48.42,100,100,3.2
135,Vardo,NO,2022-04-18 23:18:20,70.3705,31.1107,40.8,92,100,18.63
136,Vostok,RU,2022-04-18 23:18:21,46.4856,135.8833,40.8,40,41,8.16
137,Bukama,CD,2022-04-18 23:18:21,-9.2,25.85,69.03,91,9,2.55
138,Ciechanow,PL,2022-04-18 23:18:22,52.8814,20.62,41.41,90,98,10.25
139,Severo-Kurilsk,RU,2022-04-18 23:18:23,50.6789,156.125,32.65,87,95,2.3
140,Bethel,US,2022-04-18 23:18:23,41.3712,-73.414,45.64,68,100,3.0
141,Brightwater,NZ,2022-04-18 23:18:24,-41.3833,173.1167,62.69,77,43,1.61
142,Veraval,IN,2022-04-18 23:18:24,20.9,70.3667,79.38,71,0,14.83
143,Matamoros,MX,2022-04-18 23:18:25,25.5333,-103.25,95.11,23,40,13.8
144,Mahebourg,MU,2022-04-18 23:18:26,-20.4081,57.7,78.26,94,40,8.05
145,Coquimbo,CL,2022-04-18 23:18:26,-29.9533,-71.3436,56.93,82,100,3.44
146,Narsaq,GL,2022-04-18 23:18:27,60.9167,-46.05,37.62,67,100,1.19
147,Upala,CR,2022-04-18 23:18:27,10.8979,-85.0145,89.4,47,100,5.17
148,Isangel,VU,2022-04-18 23:17:51,-19.55,169.2667,82.27,76,100,1.05
149,Salalah,OM,2022-04-18 23:12:21,17.0151,54.0924,82.49,78,75,4.61
150,Nikolskoye,RU,2022-04-18 23:12:23,59.7035,30.7861,41.81,91,85,3.38
151,Nadym,RU,2022-04-18 23:18:29,65.5333,72.5167,13.73,92,98,9.55
152,Zelenoborskiy,RU,2022-04-18 23:18:30,66.845,32.3622,33.8,100,100,2.84
153,Boditi,ET,2022-04-18 23:18:30,6.9667,37.8667,59.88,82,20,2.08
154,Souillac,MU,2022-04-18 23:11:29,-20.5167,57.5167,77.4,88,15,10.65
155,Kalmunai,LK,2022-04-18 23:18:31,7.4167,81.8167,79.84,80,89,3.29
156,Sovetskiy,RU,2022-04-18 23:18:32,61.3614,63.5842,26.83,95,50,3.36
157,Vanimo,PG,2022-04-18 23:18:32,-2.6741,141.3028,81.05,81,100,2.44
158,Saint-Francois,FR,2022-04-18 23:17:54,46.4154,3.9054,50.41,85,0,2.3
159,Paralimni,CY,2022-04-18 23:18:33,35.0375,33.9833,65.28,70,98,8.99
160,Hamilton,US,2022-04-18 23:18:34,39.1834,-84.5333,43.77,81,100,19.57
161,Capitan Miranda,PY,2022-04-18 23:18:35,-27.2,-55.8,70.65,92,0,1.97
162,Harbour Breton,CA,2022-04-18 23:18:36,47.4833,-55.7983,39.49,69,57,12.68
163,Adrar,MR,2022-04-18 23:18:36,20.5022,-10.0711,78.55,13,2,10.02
164,Bac Lieu,VN,2022-04-18 23:18:37,9.285,105.7244,81.43,74,79,14.14
165,Chitral,PK,2022-04-18 23:18:38,35.8462,71.7858,62.04,68,100,3.87
166,Itamaraca,BR,2022-04-18 23:18:39,-7.7478,-34.8256,82.45,76,79,8.7
167,Kharp,RU,2022-04-18 23:18:39,66.8014,65.8081,16.11,97,100,2.84
168,High Level,CA,2022-04-18 23:18:40,58.5169,-117.136,24.91,50,40,6.91
169,Rawson,AR,2022-04-18 23:18:40,-43.3002,-65.1023,61.56,65,6,7.7
170,Saint Anthony,US,2022-04-18 23:18:41,45.0205,-93.218,37.92,58,100,24.16
171,Farmington,US,2022-04-18 23:18:42,36.7281,-108.2187,80.78,6,0,5.99
172,Khani,GE,2022-04-18 23:18:42,41.9563,42.9566,62.17,62,67,6.98
173,Prieska,ZA,2022-04-18 23:18:43,-29.6641,22.7474,63.16,44,3,2.19
174,Juneau,US,2022-04-18 23:15:12,58.3019,-134.4197,44.6,68,75,19.57
175,Cerritos,US,2022-04-18 23:18:44,33.8583,-118.0648,86.49,61,75,11.5
176,Saskylakh,RU,2022-04-18 23:18:08,71.9167,114.0833,12.16,94,100,12.71
177,Gilgit,PK,2022-04-18 23:18:45,35.9221,74.3087,63.34,42,93,2.57
178,Orlik,RU,2022-04-18 23:18:46,52.5178,99.825,36.86,64,93,6.98
179,Muros,ES,2022-04-18 23:18:07,42.7762,-9.0603,51.84,78,16,14.81
180,Conil,FR,2022-04-18 23:19:47,44.9673,3.7177,37.83,74,100,2.24
181,San Fernando,PH,2022-04-18 23:19:47,15.0286,120.6898,82.13,69,8,5.28
182,Binga,ZW,2022-04-18 23:19:48,-17.6203,27.3414,70.57,83,47,4.59
183,Bobrov,RU,2022-04-18 23:19:48,51.0961,40.0333,51.21,79,100,11.88
184,Russell,US,2022-04-18 23:19:49,32.3502,-85.1999,67.6,62,10,10.36
185,Andenes,NO,2022-04-18 23:19:50,69.3143,16.1194,42.78,93,100,5.75
186,Pisco,PE,2022-04-18 23:19:50,-13.7,-76.2167,66.25,82,0,13.8
187,Oranjemund,NA,2022-04-18 23:19:51,-28.55,16.4333,70.14,41,0,5.84
188,Mitsamiouli,KM,2022-04-18 23:19:51,-11.3847,43.2844,80.83,75,11,4.14
189,Bulgan,MN,2022-04-18 23:19:52,48.8125,103.5347,43.97,40,56,5.12
190,Tasiilaq,GL,2022-04-18 23:08:57,65.6145,-37.6368,30.36,98,100,2.37
191,Nanortalik,GL,2022-04-18 23:17:01,60.1432,-45.2371,32.74,92,100,9.64
192,Manzanillo,CU,2022-04-18 23:19:53,20.3433,-77.1167,78.78,75,47,6.06
193,Tefe,BR,2022-04-18 23:19:54,-3.3542,-64.7114,82.51,89,20,2.3
194,Oriximina,BR,2022-04-18 23:19:55,-1.7656,-55.8661,76.84,92,100,2.08
195,Mount Gambier,AU,2022-04-18 23:19:55,-37.8333,140.7667,58.32,60,56,7.23
196,Tezu,IN,2022-04-18 23:19:12,27.9167,96.1667,64.6,75,63,5.14
197,Saldanha,ZA,2022-04-18 23:19:56,-33.0117,17.9442,60.75,75,0,8.21
198,San Pedro,PH,2022-04-18 23:19:57,14.35,121.0167,82.31,72,20,4.61
199,Tricase,IT,2022-04-18 23:19:57,39.9304,18.3553,47.32,66,33,17.16
200,Sisimiut,GL,2022-04-18 23:19:58,66.9395,-53.6735,12.24,73,100,8.5
201,Kavieng,PG,2022-04-18 23:19:59,-2.5744,150.7967,85.24,67,94,15.1
202,Gaziantep,TR,2022-04-18 23:19:59,37.0594,37.3825,62.53,36,75,2.3
203,Luderitz,NA,2022-04-18 23:20:00,-26.6481,15.1594,75.36,38,7,8.28
204,Ingham,US,2022-04-18 23:20:00,42.6,-84.3833,34.02,92,100,0.0
205,Dikson,RU,2022-04-18 23:17:04,73.5069,80.5464,2.44,95,100,14.45
206,Port Elizabeth,ZA,2022-04-18 23:20:02,-33.918,25.5701,56.32,95,0,3.44
207,Whitecourt,CA,2022-04-18 23:15:32,54.1502,-115.6855,45.64,42,75,14.97
208,Livingston,GB,2022-04-18 23:19:47,55.9029,-3.5226,44.11,83,0,3.44
209,Belyy Yar,RU,2022-04-18 23:12:40,53.6039,91.3903,34.86,93,40,11.18
210,Evensk,RU,2022-04-18 23:20:04,61.95,159.2333,26.87,93,100,4.38
211,Sinnamary,GF,2022-04-18 23:20:05,5.3833,-52.95,77.25,89,97,9.6
212,Liverpool,GB,2022-04-18 23:20:05,53.4106,-2.9779,48.74,76,20,4.61
213,Cap Malheureux,MU,2022-04-18 23:20:06,-19.9842,57.6142,78.48,88,56,4.0
214,Mahanoro,MG,2022-04-18 23:20:07,-19.9,48.8,71.71,91,12,4.34
215,Wuwei,CN,2022-04-18 23:20:07,37.9281,102.6414,45.97,39,90,5.95
216,Mokhsogollokh,RU,2022-04-18 23:20:08,61.4681,128.9203,28.58,96,100,4.34
217,Yulara,AU,2022-04-18 23:20:09,-25.2406,130.9889,58.84,72,7,13.8
218,Portel,BR,2022-04-18 23:20:09,-1.9356,-50.8211,76.14,95,96,3.31
219,Cockburn Town,TC,2022-04-18 23:20:10,21.4612,-71.1419,78.76,78,40,16.11
220,Ribeira Grande,PT,2022-04-18 23:17:44,38.5167,-28.7,59.27,69,21,18.63
221,Lavrentiya,RU,2022-04-18 23:20:11,65.5833,-171.0,30.16,94,100,8.66
222,Banes,CU,2022-04-18 23:20:11,20.9625,-75.7186,71.6,89,87,3.06
223,Ambulu,ID,2022-04-18 23:20:12,-8.345,113.6058,76.77,90,100,2.71
224,Lae,PG,2022-04-18 23:20:13,-6.7221,146.9847,75.87,81,100,8.03
225,New Norfolk,AU,2022-04-18 23:20:13,-42.7826,147.0587,58.71,68,100,2.57
226,Mercedes,AR,2022-04-18 23:20:14,-34.6515,-59.4307,63.79,66,42,8.79
227,Kruisfontein,ZA,2022-04-18 23:20:15,-34.0033,24.7314,53.89,92,11,1.7
228,Provideniya,RU,2022-04-18 23:20:15,64.3833,-173.3,33.91,80,100,13.42
229,Maple Creek,CA,2022-04-18 23:21:16,49.9168,-109.4848,50.05,32,100,18.41
230,Togur,RU,2022-04-18 23:21:17,58.3631,82.8265,27.12,77,47,6.4
231,Fairview,US,2022-04-18 23:20:27,40.8126,-73.999,47.41,65,100,16.11
232,Geraldton,AU,2022-04-18 23:19:17,-28.7667,114.6,59.41,55,0,3.44
233,Teguldet,RU,2022-04-18 23:21:18,57.3064,88.1667,23.43,90,38,2.75
234,Sola,VU,2022-04-18 23:21:19,-13.8833,167.55,82.29,76,99,12.39
235,Hasaki,JP,2022-04-18 23:21:20,35.7333,140.8333,59.29,61,100,13.04
236,Susanville,US,2022-04-18 23:21:20,40.4163,-120.653,56.91,31,33,20.0
237,Kabo,CF,2022-04-18 23:21:21,7.6994,18.629,71.91,85,100,2.39
238,Kampot,KH,2022-04-18 23:21:21,10.6167,104.1833,82.45,84,90,3.04
239,Broken Hill,AU,2022-04-18 23:21:22,-31.95,141.4333,56.82,67,65,21.16
240,Grindavik,IS,2022-04-18 23:21:23,63.8424,-22.4338,42.75,81,75,8.05
241,Richards Bay,ZA,2022-04-18 23:21:24,-28.783,32.0377,65.73,87,99,6.58
242,Najran,SA,2022-04-18 23:21:25,17.4924,44.1277,70.45,24,0,2.68
243,Vestmanna,FO,2022-04-18 23:21:25,62.1564,-7.1664,43.72,93,100,13.8
244,Igarka,RU,2022-04-18 23:21:26,67.4667,86.5833,15.87,94,99,15.37
245,Chimbote,PE,2022-04-18 23:18:27,-9.0853,-78.5783,67.28,82,79,9.93
246,Krasnyy Chikoy,RU,2022-04-18 23:21:27,50.3643,108.7512,44.92,55,51,3.83
247,Covington,US,2022-04-18 23:19:57,39.0837,-84.5086,44.26,81,100,19.57
248,Trinidad,BO,2022-04-18 23:21:28,-14.8333,-64.9,80.58,54,16,3.44
249,Kalispell,US,2022-04-18 23:18:20,48.1958,-114.3129,48.38,49,100,6.91
250,Daru,PG,2022-04-18 23:21:29,-9.0763,143.2092,77.22,88,93,6.55
251,Pinheiro Machado,BR,2022-04-18 23:21:29,-31.5783,-53.3811,60.1,78,99,6.87
252,Vila Franca Do Campo,PT,2022-04-18 23:08:58,37.7167,-25.4333,59.41,73,81,12.48
253,Sabile,LV,2022-04-18 23:21:30,57.0458,22.5726,39.31,78,97,5.68
254,Agucadoura,PT,2022-04-18 23:21:31,41.4318,-8.7804,54.25,72,30,21.27
255,Praia,CV,2022-04-18 23:21:15,14.9215,-23.5087,72.14,78,75,12.66
256,Tilichiki,RU,2022-04-18 23:21:32,60.4667,166.1,22.86,85,99,4.76
257,Muborak,UZ,2022-04-18 23:21:32,39.2553,65.1528,60.17,70,100,3.74
258,Puerto Colombia,CO,2022-04-18 23:16:37,10.9878,-74.9547,84.29,81,60,9.78
259,Fortuna,US,2022-04-18 23:12:33,40.5982,-124.1573,50.94,90,100,5.01
260,Petropavlovsk-Kamchatskiy,RU,2022-04-18 23:21:34,53.0452,158.6483,36.19,41,0,15.66
261,Dera Ghazi Khan,PK,2022-04-18 23:21:35,30.0561,70.6348,83.07,25,7,6.55
262,Ostrovnoy,RU,2022-04-18 23:21:35,68.0531,39.5131,36.43,100,100,9.84
263,Cidreira,BR,2022-04-18 23:21:36,-30.1811,-50.2056,69.3,73,52,16.04
264,Bakani,IN,2022-04-18 23:21:37,24.2833,76.2333,86.13,21,16,9.84
265,Acapulco,MX,2022-04-18 23:17:03,16.8634,-99.8901,84.02,65,0,12.66
266,Tateyama,JP,2022-04-18 23:21:38,34.9833,139.8667,58.35,71,100,9.01
267,General Roca,AR,2022-04-18 23:21:38,-39.0333,-67.5833,67.75,31,79,4.52
268,Tutoia,BR,2022-04-18 23:21:39,-2.7619,-42.2744,78.39,84,97,5.68
269,Ihosy,MG,2022-04-18 23:21:40,-22.4,46.1167,68.59,88,79,6.38
270,Vologda,RU,2022-04-18 23:21:40,59.2187,39.8886,35.08,93,100,4.7
271,Riyadh,SA,2022-04-18 23:21:41,24.6877,46.7219,71.74,11,18,2.3
272,Kollo,NE,2022-04-18 23:21:41,13.3043,2.339,88.23,12,77,5.41
273,Ngama,TD,2022-04-18 23:21:42,11.7833,17.1667,82.83,57,100,11.61
274,Tazovskiy,RU,2022-04-18 23:22:43,67.4667,78.7,9.27,92,100,18.57
275,Wangou,CN,2022-04-18 23:22:43,42.0623,126.9127,44.82,45,6,5.32
276,Cervo,ES,2022-04-18 23:22:44,43.6702,-7.4101,52.97,77,96,11.12
277,Ossora,RU,2022-04-18 23:22:44,59.2353,163.0719,29.57,73,100,1.92
278,Eyl,SO,2022-04-18 23:22:45,7.9803,49.8164,80.74,83,13,4.54
279,Grand Gaube,MU,2022-04-18 23:22:46,-20.0064,57.6608,78.39,88,58,4.0
280,Casma,CL,2022-04-18 23:22:47,-41.0082,-73.1244,56.48,88,39,0.65
281,Lompoc,US,2022-04-18 23:21:09,34.6391,-120.4579,73.56,60,0,25.01
282,Quincy,US,2022-04-18 23:22:48,42.2529,-71.0023,50.11,64,100,14.97
283,San Quintin,MX,2022-04-18 23:22:48,30.4833,-115.95,66.99,63,8,22.12
284,Moron,AR,2022-04-18 23:22:49,-34.6534,-58.6198,66.09,84,41,7.25
285,Banda Aceh,ID,2022-04-18 23:22:49,5.5577,95.3222,80.04,79,78,6.08
286,La Ronge,CA,2022-04-18 23:22:50,55.1001,-105.2842,39.42,52,40,11.5
287,Ballina,AU,2022-04-18 23:18:10,-28.8667,153.5667,70.79,85,4,3.0
288,Yar-Sale,RU,2022-04-18 23:22:51,66.8333,70.8333,0.27,98,70,6.22
289,Morro Bay,US,2022-04-18 23:22:52,35.3658,-120.8499,76.08,61,100,5.99
290,Sergeyevka,KZ,2022-04-18 23:22:53,53.88,67.4158,41.41,61,11,4.97
291,Srandakan,ID,2022-04-18 23:22:53,-7.9386,110.2506,77.56,88,100,4.09
292,Bambous Virieux,MU,2022-04-18 23:22:54,-20.3428,57.7575,78.22,94,40,8.05
293,Cayenne,GF,2022-04-18 23:22:54,4.9333,-52.3333,77.09,1,100,2.3
294,Rovaniemi,FI,2022-04-18 23:22:55,66.5,25.7167,38.61,87,0,4.61
295,Ikom,NG,2022-04-18 23:22:56,5.9667,8.7063,76.55,92,100,3.4
296,Whitehorse,CA,2022-04-18 23:22:56,60.7161,-135.0538,35.1,34,20,6.91
297,Kourou,GF,2022-04-18 23:22:57,5.1552,-52.6478,77.11,90,100,7.65
298,Novo Aripuana,BR,2022-04-18 23:22:57,-5.1206,-60.3797,75.42,96,54,2.68
299,The Pas,CA,2022-04-18 23:22:58,53.8251,-101.2541,42.82,36,20,9.22
300,Ancud,CL,2022-04-18 23:22:58,-41.8697,-73.8203,51.22,86,83,6.24
301,Pa Sang,TH,2022-04-18 23:22:59,18.5262,98.9394,78.03,57,59,0.36
302,Kaeo,NZ,2022-04-18 23:23:00,-35.1,173.7833,71.33,96,26,8.55
303,Mangrol,IN,2022-04-18 23:23:00,21.1167,70.1167,79.41,70,0,12.5
304,Penzance,GB,2022-04-18 23:23:01,50.1186,-5.5371,45.28,69,8,13.85
305,Pevek,RU,2022-04-18 23:23:01,69.7008,170.3133,15.71,88,62,4.94
306,Parauna,BR,2022-04-18 23:23:02,-16.9478,-50.4486,71.55,64,3,6.06
307,Lufilufi,WS,2022-04-18 23:23:03,-13.8745,-171.5986,86.79,73,36,16.11
308,Portland,US,2022-04-18 23:19:53,45.5234,-122.6762,52.05,90,100,10.36
309,Kinablangan,PH,2022-04-18 23:23:04,7.6947,126.5503,79.7,83,85,4.23
310,Sorong,ID,2022-04-18 23:23:04,-0.8833,131.25,79.92,81,100,4.7
311,Nyrob,RU,2022-04-18 23:23:05,60.733,56.7202,21.0,96,11,0.49
312,Thunder Bay,CA,2022-04-18 23:22:07,48.4001,-89.3168,35.29,93,100,2.3
313,Jacareacanga,BR,2022-04-18 23:23:06,-6.2222,-57.7528,74.59,97,87,1.63
314,Sioux Lookout,CA,2022-04-18 23:23:07,50.1001,-91.917,32.07,59,75,9.22
315,Lagos,NG,2022-04-18 23:18:49,6.5833,3.75,75.18,90,100,0.58
316,Bamako,ML,2022-04-18 23:18:43,12.65,-8.0,90.01,19,0,6.91
317,Pierre,US,2022-04-18 23:23:09,44.3683,-100.351,52.72,26,0,11.01
318,Vung Tau,VN,2022-04-18 23:23:09,10.346,107.0843,81.16,74,96,12.24
319,Bambanglipuro,ID,2022-04-18 23:23:10,-7.95,110.2833,77.52,89,100,4.03
320,Kobelyaky,UA,2022-04-18 23:24:10,49.1489,34.1965,40.55,95,100,14.52
321,Charters Towers,AU,2022-04-18 23:24:11,-20.1,146.2667,75.07,63,3,10.33
322,Saint-Augustin,CA,2022-04-18 23:24:12,51.226,-58.6502,25.52,61,3,17.2
323,Tatarsk,RU,2022-04-18 23:24:12,55.219,75.9828,31.68,79,36,7.4
324,Gaoual,GN,2022-04-18 23:24:13,11.75,-13.2,87.91,41,100,5.08
325,Yarim,YE,2022-04-18 23:24:13,14.298,44.3779,57.96,55,46,2.17
326,Axim,GH,2022-04-18 23:24:14,4.8699,-2.2405,78.49,82,100,3.15
327,Masty,BY,2022-04-18 23:24:15,53.4122,24.5387,35.47,94,98,11.1
328,Lasa,IT,2022-04-18 23:21:57,46.6166,10.7002,47.28,90,13,5.44
329,Yatou,CN,2022-04-18 23:24:16,37.15,122.3833,55.87,43,1,4.12
330,Sechura,PE,2022-04-18 23:24:17,-5.5569,-80.8222,73.94,64,84,17.56
331,San Luis,AR,2022-04-18 23:19:49,-33.295,-66.3356,63.18,46,34,9.55
332,Suileng,CN,2022-04-18 23:24:18,47.25,127.0833,49.98,30,59,13.69
333,Labuhan,ID,2022-04-18 23:24:19,-6.8844,112.2051,79.2,87,100,4.07
334,Luocheng,CN,2022-04-18 23:24:19,29.3848,104.0286,53.42,80,45,1.74
335,Moranbah,AU,2022-04-18 23:21:11,-22.0016,148.0466,75.0,63,0,12.95
336,Paamiut,GL,2022-04-18 23:24:20,61.994,-49.6678,22.55,82,81,27.45
337,Airai,TL,2022-04-18 23:20:58,-8.9266,125.4092,63.88,78,93,1.81
338,Guerrero Negro,MX,2022-04-18 23:24:21,27.9769,-114.0611,67.84,64,16,20.4
339,Tahe,CN,2022-04-18 23:24:22,52.3333,124.7333,44.08,76,91,5.66
340,Zhigansk,RU,2022-04-18 23:24:22,66.7697,123.3711,30.27,95,100,16.24
341,Yenagoa,NG,2022-04-18 23:24:23,4.9247,6.2642,76.26,94,100,3.36
342,Sorland,NO,2022-04-18 23:22:15,67.667,12.6934,43.66,83,46,7.99
343,Tacuarembo,UY,2022-04-18 23:24:24,-31.7333,-55.9833,65.98,65,92,4.36
344,Hvide Sande,DK,2022-04-18 23:24:25,56.0045,8.1294,45.9,70,79,8.39
345,Klyuchi,RU,2022-04-18 23:24:25,52.2667,79.1667,44.19,60,100,13.85
346,Vila Velha,BR,2022-04-18 23:20:42,-20.3297,-40.2925,75.15,80,40,9.22
347,Yaring,TH,2022-04-18 23:24:26,6.8662,101.3689,78.8,87,100,6.53
348,Kandalaksha,RU,2022-04-18 23:24:27,67.162,32.4123,34.57,100,100,2.06
349,Auki,SB,2022-04-18 23:24:27,-8.7676,160.7034,84.06,67,34,3.31
350,Batemans Bay,AU,2022-04-18 23:24:28,-35.7167,150.1833,64.09,67,100,3.71
351,Acolla,PE,2022-04-18 23:24:29,-11.7319,-75.5463,50.68,77,61,7.65
352,Gorin,RU,2022-04-18 23:24:29,51.1983,136.6669,37.51,78,86,6.87
353,Mazagao,BR,2022-04-18 23:24:30,-0.115,-51.2894,80.65,96,74,2.86
354,Barcelos,PT,2022-04-18 23:24:30,41.5388,-8.6151,53.85,76,35,10.83
355,Greenville,US,2022-04-18 23:22:46,35.6127,-77.3663,50.16,98,100,8.05
356,Ngunguru,NZ,2022-04-18 23:24:31,-35.6167,174.5,68.99,92,74,14.27
357,Yarkovo,RU,2022-04-18 23:24:32,57.4028,67.0786,34.3,70,91,4.9
358,Qasigiannguit,GL,2022-04-18 23:23:55,68.8193,-51.1922,10.65,95,100,3.04
359,Garoua Boulai,CM,2022-04-18 23:24:33,5.8833,14.55,67.87,79,100,2.55
360,Khunti,IN,2022-04-18 23:24:33,23.0833,85.2833,78.91,21,0,2.75
361,Bend,US,2022-04-18 23:20:54,44.0582,-121.3153,58.86,37,96,13.0
362,Constitucion,CL,2022-04-18 23:24:34,-35.3333,-72.4167,55.85,91,81,9.8
363,Mayo,US,2022-04-18 23:21:17,38.8876,-76.5119,46.04,92,100,18.41
364,Bathsheba,BB,2022-04-18 23:24:35,13.2167,-59.5167,79.41,73,40,17.27
365,Aksu,CN,2022-04-18 23:24:36,41.1231,80.2644,56.1,17,6,1.9
366,Tera,NE,2022-04-18 23:24:37,14.0078,0.7531,86.54,10,64,8.28
367,Esperance,AU,2022-04-18 23:24:37,-33.8667,121.9,58.84,75,85,11.43
368,Tel Aviv-Yafo,IL,2022-04-18 23:25:38,32.0805,34.7805,67.1,85,75,6.91
369,San Felipe,VE,2022-04-18 23:24:04,10.3399,-68.7425,78.67,76,99,1.39
370,Matara,LK,2022-04-18 23:25:39,5.9485,80.5353,78.53,87,91,8.23
371,Rosetta,EG,2022-04-18 23:25:39,31.4044,30.4164,61.5,80,82,6.02
372,Port Lincoln,AU,2022-04-18 23:25:40,-34.7333,135.8667,59.72,60,11,8.03
373,Birao,CF,2022-04-18 23:25:41,10.2849,22.7882,78.1,70,100,7.99
374,Plettenberg Bay,ZA,2022-04-18 23:25:42,-34.0527,23.3716,60.28,89,22,2.93
375,Vila,PT,2022-04-18 23:25:42,42.0304,-8.1588,42.69,79,95,7.96
376,Paita,PE,2022-04-18 23:25:43,-5.0892,-81.1144,70.18,76,72,17.74
377,Dauphin,CA,2022-04-18 23:25:43,51.1494,-100.0502,37.54,52,0,6.91
378,San Cristobal,VE,2022-04-18 23:25:44,7.7669,-72.225,75.38,83,99,4.41
379,Manono,CD,2022-04-18 23:25:44,-7.3,27.4167,71.65,82,26,4.14
380,Taoudenni,ML,2022-04-18 23:25:45,22.6783,-3.9836,80.24,12,3,7.38
381,Aquiraz,BR,2022-04-18 23:25:46,-3.9014,-38.3911,82.49,88,92,3.15
382,Ugra,RU,2022-04-18 23:25:47,54.7777,34.3267,40.03,85,100,9.17
383,Cabedelo,BR,2022-04-18 23:23:05,-6.9811,-34.8339,79.47,78,51,10.94
384,Marienburg,PL,2022-04-18 23:25:48,54.0359,19.0266,41.11,87,87,7.87
385,Komsomolskiy,UZ,2022-04-18 23:25:49,40.4272,71.7189,68.72,49,88,9.22
386,Bonfim,BR,2022-04-18 23:25:49,3.0833,-59.95,87.24,49,94,3.71
387,Upata,VE,2022-04-18 23:25:50,8.0086,-62.3989,81.77,44,89,8.61
388,Lagoa,PT,2022-04-18 23:25:51,39.05,-27.9833,58.24,73,45,18.79
389,Papara,BR,2022-04-18 23:25:51,-3.9839,-38.7273,81.0,96,99,1.97
390,Aklavik,CA,2022-04-18 23:22:15,68.2191,-135.0107,30.2,34,0,13.8
391,Sandy Bay,AU,2022-04-18 23:25:52,-42.913,147.3532,60.1,75,75,5.75
392,Neuruppin,DE,2022-04-18 23:25:53,52.9282,12.8031,40.08,69,96,5.88
393,Shellbrook,CA,2022-04-18 23:25:53,53.2168,-106.4011,42.03,78,8,1.95
394,Micheweni,TZ,2022-04-18 23:25:54,-4.9667,39.8333,79.95,84,54,8.88
395,Pitanga,BR,2022-04-18 23:25:55,-24.7572,-51.7614,56.17,86,14,2.93
396,Grass Valley,US,2022-04-18 23:25:00,39.2191,-121.0611,62.51,52,0,7.0
397,Aykhal,RU,2022-04-18 23:25:56,66.0,111.5,6.55,95,100,23.42
398,Haapiti,PF,2022-04-18 23:25:56,-17.5667,-149.8667,85.73,72,7,8.61
399,Jiujiang,CN,2022-04-18 23:25:57,29.7333,115.9833,59.86,75,98,4.45
400,Chintamani,IN,2022-04-18 23:25:58,13.4,78.0667,70.14,72,46,4.83
401,Timmins,CA,2022-04-18 23:25:58,48.4669,-81.3331,39.02,48,100,3.44
402,Chernyshevskiy,RU,2022-04-18 23:25:59,63.0128,112.4714,13.59,87,100,10.4
403,Hammerfest,NO,2022-04-18 23:25:59,70.6634,23.6821,37.85,100,75,10.36
404,Cortez,US,2022-04-18 23:25:34,37.3489,-108.5859,72.36,9,0,6.91
405,Northam,GB,2022-04-18 23:26:01,51.0333,-4.2167,46.65,86,13,6.11
406,Haljala,EE,2022-04-18 23:26:02,59.4336,26.2614,36.7,91,17,4.23
407,Wajid,SO,2022-04-18 23:26:02,3.8093,43.2471,75.54,81,24,9.01
408,Huarmey,PE,2022-04-18 23:26:03,-10.0681,-78.1522,68.65,81,91,9.15
409,Genhe,CN,2022-04-18 23:26:04,50.7833,121.5167,44.98,64,100,3.85
410,Kudahuvadhoo,MV,2022-04-18 23:26:04,2.6708,72.8944,82.94,71,94,6.02
411,Ust-Shonosha,RU,2022-04-18 23:27:05,61.1531,41.343,33.44,100,100,1.36
412,Murupara,NZ,2022-04-18 23:27:05,-38.4667,176.7,61.41,80,94,3.27
413,Alpena,US,2022-04-18 23:27:06,45.0617,-83.4327,34.12,93,100,10.36
414,Singaraja,ID,2022-04-18 23:27:07,-8.112,115.0882,80.46,80,100,3.56
415,Klaksvik,FO,2022-04-18 23:25:28,62.2266,-6.589,45.52,91,64,34.23
416,Wanning,CN,2022-04-18 23:23:45,18.8003,110.3967,71.35,92,80,9.08
417,Doha,QA,2022-04-18 23:25:24,25.2867,51.5333,75.18,33,0,6.91
418,Duldurga,RU,2022-04-18 23:27:09,50.6761,113.5931,50.04,48,92,3.24
419,Semey,KZ,2022-04-18 23:27:10,50.4111,80.2275,52.02,54,75,17.9
420,Yebaishou,CN,2022-04-18 23:27:11,41.3975,119.6408,54.46,28,0,5.28
421,Aracati,BR,2022-04-18 23:27:11,-4.5617,-37.7697,77.54,84,99,2.3
422,Puerto Baquerizo Moreno,EC,2022-04-18 23:27:12,-0.9,-89.6,76.19,88,75,11.5
423,Chumikan,RU,2022-04-18 23:27:13,54.7183,135.315,37.02,80,96,15.21
424,Ardakan,IR,2022-04-18 23:27:13,32.31,54.0175,58.89,25,0,0.89
425,Carutapera,BR,2022-04-18 23:27:14,-1.195,-46.02,76.98,86,100,4.54
426,Kerrobert,CA,2022-04-18 23:27:14,51.9168,-109.1348,50.05,39,49,14.16
427,Varhaug,NO,2022-04-18 23:27:15,58.6147,5.6457,47.48,57,0,15.1
428,Vanavara,RU,2022-04-18 23:27:16,60.34,102.2797,15.39,78,63,10.33
429,Bazarnyye Mataki,RU,2022-04-18 23:27:16,54.8833,49.9333,38.97,95,100,5.84
430,Maningrida,AU,2022-04-18 23:27:17,-12.0667,134.2667,78.13,78,100,7.0
431,Loralai,PK,2022-04-18 23:27:17,30.3705,68.598,65.3,43,77,10.92
432,Nome,US,2022-04-18 23:27:18,64.5011,-165.4064,35.67,69,100,14.97
433,Vyartsilya,RU,2022-04-18 23:27:19,62.1764,30.693,37.33,97,97,2.24
434,Kavaratti,IN,2022-04-18 23:27:19,10.5669,72.642,83.57,74,50,8.12
435,Chuy,UY,2022-04-18 23:27:20,-33.6971,-53.4616,63.07,84,7,9.24
436,Gien,FR,2022-04-18 23:27:20,47.6933,2.6309,50.56,74,100,3.71
437,Batanovci,BG,2022-04-18 23:27:21,42.5997,22.9506,33.08,94,100,2.86
438,Zarand,IR,2022-04-18 23:27:21,30.8127,56.564,51.21,39,0,2.33
439,San Rafael,AR,2022-04-18 23:27:22,-34.6177,-68.3301,68.65,39,28,10.27
440,Tra Vinh,VN,2022-04-18 23:27:23,9.9347,106.3453,80.4,72,62,10.42
441,Novoilinsk,RU,2022-04-18 23:27:24,51.6829,108.7143,46.38,68,93,3.31
442,Heishan,CN,2022-04-18 23:27:25,41.6892,122.1128,56.32,35,0,11.83
443,Alvorada,BR,2022-04-18 23:23:40,-12.48,-49.1247,75.42,89,75,2.98
444,Shingu,JP,2022-04-18 23:27:26,33.7333,135.9833,61.77,40,99,5.01
445,Baykit,RU,2022-04-18 23:24:04,61.67,96.37,6.75,99,83,3.18
446,Avera,US,2022-04-18 23:27:27,33.194,-82.5271,63.91,75,81,12.19
447,Suntar,RU,2022-04-18 23:27:27,62.1444,117.6319,22.23,83,100,11.68
448,Long,TH,2022-04-18 23:27:28,18.0761,99.8326,81.0,87,88,1.45
449,Cairns,AU,2022-04-18 23:27:29,-16.9167,145.7667,82.06,79,100,10.36
450,Nuevo Progreso,MX,2022-04-18 23:27:29,23.1667,-97.95,80.55,67,34,13.27
451,Lesogorsk,RU,2022-04-18 23:27:30,56.0458,99.5136,28.11,84,100,7.23
452,Ashqelon,IL,2022-04-18 23:27:30,31.6693,34.5715,66.81,87,100,5.06
453,Morros,BR,2022-04-18 23:27:31,-9.4467,-46.3003,73.72,85,69,3.67
454,Roros,NO,2022-04-18 23:27:32,62.5747,11.3842,26.44,99,88,1.14
455,Krasnoselkup,RU,2022-04-18 23:28:32,65.7,82.4667,11.84,92,82,16.33
456,Bairiki,KI,2022-04-18 23:28:33,1.3292,172.9752,84.2,70,40,10.36
457,Merrill,US,2022-04-18 23:28:33,45.1805,-89.6835,37.17,76,100,10.36
458,Tabou,CI,2022-04-18 23:28:34,4.423,-7.3528,76.93,88,97,2.55
459,Oxford,GB,2022-04-18 23:26:23,51.7522,-1.256,51.19,75,40,3.44
460,Flinders,AU,2022-04-18 23:23:54,-34.5833,150.8552,74.05,78,100,5.99
461,Grande Prairie,CA,2022-04-18 23:28:36,55.1667,-118.8027,33.98,60,100,20.71
462,Coahuayana,MX,2022-04-18 23:28:36,18.7333,-103.6833,85.15,57,73,6.62
463,Gamba,GA,2022-04-18 23:28:37,-2.65,10.0,77.45,92,100,3.36
464,Bom Jesus,BR,2022-04-18 23:28:37,-9.0744,-44.3586,76.42,77,100,2.26
465,Harindanga,IN,2022-04-18 23:28:38,22.0383,88.3214,79.63,89,24,10.31
466,Inhambane,MZ,2022-04-18 23:25:43,-23.865,35.3833,71.92,88,81,7.02
467,Prince Rupert,CA,2022-04-18 23:25:23,54.3161,-130.3201,46.49,66,100,6.91
468,Jijiga,ET,2022-04-18 23:28:39,9.35,42.8,68.67,58,55,7.23
469,Svetlyy,RU,2022-04-18 23:28:40,54.675,20.1347,42.85,79,70,8.99
470,Bauchi,NG,2022-04-18 23:25:34,10.5,10.0,82.24,54,95,5.95
471,Hami,CN,2022-04-18 23:28:41,42.8,93.45,54.73,14,1,4.38
472,Lienz,AT,2022-04-18 23:28:42,46.8289,12.769,37.62,90,25,4.68
473,Dotnuva,LT,2022-04-18 23:28:42,55.35,23.9,44.82,74,69,10.33
474,Shitanjing,CN,2022-04-18 23:28:43,39.2342,106.3439,44.62,24,20,3.71
475,Conde,BR,2022-04-18 23:28:43,-7.2597,-34.9075,78.26,83,20,5.75
476,Ahipara,NZ,2022-04-18 23:28:44,-35.1667,173.1667,73.99,73,11,9.53
477,Salinas,US,2022-04-18 23:28:44,36.6777,-121.6555,72.0,44,0,11.5
478,Makakilo City,US,2022-04-18 23:25:00,21.3469,-158.0858,82.72,46,0,13.8
479,College,US,2022-04-18 23:24:28,64.8569,-147.8028,42.48,30,0,12.66
480,Dakoro,NE,2022-04-18 23:28:46,14.5106,6.765,89.19,10,88,4.05
481,Carballo,ES,2022-04-18 23:28:47,43.213,-8.691,51.87,86,88,7.87
482,Sovetskaya Gavan,RU,2022-04-18 23:28:47,48.9723,140.2878,39.63,60,9,8.19
483,Warrington,GB,2022-04-18 23:28:48,53.3925,-2.5802,49.86,78,20,4.61
484,Ondjiva,AO,2022-04-18 23:28:49,-17.0667,15.7333,73.26,60,93,6.62
485,Puerto Gaitan,CO,2022-04-18 23:27:25,4.3133,-72.0816,80.38,77,92,4.92
486,Barberton,ZA,2022-04-18 23:28:50,-25.7884,31.0532,57.29,95,99,3.74
487,Gold Coast,AU,2022-04-18 23:28:51,-28.0,153.4333,75.99,68,0,1.14
488,Nemuro,JP,2022-04-18 23:28:51,43.3236,145.575,37.27,91,98,8.68
489,Gagra,GE,2022-04-18 23:28:52,43.3283,40.2239,63.14,80,100,6.82
490,Pochutla,MX,2022-04-18 23:28:53,15.7432,-96.4661,89.82,46,44,9.71
491,Beatrice,US,2022-04-18 23:25:15,40.2681,-96.747,57.18,22,0,17.27
492,Tommot,RU,2022-04-18 23:28:54,58.9564,126.2925,31.64,75,100,13.18
493,Vestmannaeyjar,IS,2022-04-18 23:28:54,63.4427,-20.2734,44.08,78,11,20.33
494,Ambon,ID,2022-04-18 23:28:55,-3.6954,128.1814,78.94,94,40,5.75
495,West Columbia,US,2022-04-18 23:24:03,33.9935,-81.074,57.33,76,100,11.5
496,Pleshanovo,RU,2022-04-18 23:28:56,52.8333,53.4833,53.44,73,100,4.7
497,Pouembout,NC,2022-04-18 23:28:56,-21.1333,164.9,80.26,73,24,4.63
498,Zhigalovo,RU,2022-04-18 23:28:57,54.8097,105.1578,34.05,85,100,7.83
499,Panacan,PH,2022-04-18 23:28:58,9.2463,118.4082,81.39,82,65,12.41
500,Ekhabi,RU,2022-04-18 23:28:58,53.5102,142.9671,30.06,88,36,14.52
501,Plaster Rock,CA,2022-04-18 23:28:59,46.9065,-67.39,46.92,65,19,3.42
502,Sao Joao Da Barra,BR,2022-04-18 23:29:59,-21.6403,-41.0511,69.98,81,8,9.24
503,Coos Bay,US,2022-04-18 23:30:00,43.3665,-124.2179,46.99,96,100,10.36
504,Cobija,BO,2022-04-18 23:25:22,-11.0267,-68.7692,72.34,78,85,2.15
505,Lydenburg,ZA,2022-04-18 23:30:01,-25.0978,30.4597,48.0,97,21,3.78
506,Emerald,AU,2022-04-18 23:25:30,-23.5333,148.1667,75.34,64,0,8.05
507,Senanga,ZM,2022-04-18 23:30:03,-16.1167,23.2667,70.11,69,80,7.0
508,Srednekolymsk,RU,2022-04-18 23:30:04,67.45,153.6833,25.63,85,63,5.37
509,Dingle,PH,2022-04-18 23:30:05,10.9995,122.6711,80.85,78,23,11.07
510,Husavik,IS,2022-04-18 23:30:06,66.0449,-17.3389,33.96,97,100,12.64
511,Bubaque,GW,2022-04-18 23:30:07,11.2833,-15.8333,75.0,75,17,7.43
512,Demirci,TR,2022-04-18 23:30:08,39.0461,28.6589,42.37,96,87,1.92
513,Bogoslovka,RU,2022-04-18 23:30:09,53.2084,44.8013,52.12,33,100,6.49
514,Honningsvag,NO,2022-04-18 23:29:33,70.9821,25.9704,38.95,87,100,12.66
515,Soledade,BR,2022-04-18 23:28:39,-28.8183,-52.5103,56.7,81,56,3.91
516,Egvekinot,RU,2022-04-18 23:30:11,66.3167,-179.1667,28.27,98,100,4.9
517,Rorvik,NO,2022-04-18 23:30:11,64.8621,11.2373,42.71,89,48,10.96
518,Camacha,PT,2022-04-18 23:30:12,33.0833,-16.3333,58.42,67,40,14.97
519,Aswan,EG,2022-04-18 23:30:13,24.0934,32.907,83.64,14,44,8.21
520,Tirumullaivasal,IN,2022-04-18 23:30:13,11.2333,79.8333,83.03,76,10,2.77
521,Pacific Grove,US,2022-04-18 23:30:14,36.6177,-121.9166,67.39,60,0,11.5
522,Cozumel,MX,2022-04-18 23:30:15,20.5083,-86.9458,82.94,79,40,10.36
523,Namanga,KE,2022-04-18 23:30:15,-2.5433,36.7905,65.1,86,77,2.26
524,Anamur,TR,2022-04-18 23:30:16,36.0751,32.8369,62.51,82,100,14.32
525,Isla Vista,US,2022-04-18 23:30:16,34.4133,-119.861,74.79,56,75,8.05
526,Bandarbeyla,SO,2022-04-18 23:25:20,9.4942,50.8122,80.38,79,8,2.3
527,Miquelon,PM,2022-04-18 23:30:17,47.0975,-56.3814,37.9,76,30,19.33
528,Lubango,AO,2022-04-18 23:25:21,-14.9172,13.4925,61.0,93,96,6.24
529,Santa Isabel,BR,2022-04-18 23:30:18,-23.3156,-46.2214,65.5,96,77,3.36
530,Henties Bay,NA,2022-04-18 23:30:20,-22.116,14.2845,64.76,69,14,4.65
531,Pontianak,ID,2022-04-18 23:30:20,-0.0333,109.3333,75.18,94,75,4.61
532,Garowe,SO,2022-04-18 23:28:47,8.4054,48.4845,77.97,76,17,10.2
533,Atbasar,KZ,2022-04-18 23:30:22,51.8,68.3333,41.59,62,7,2.37
534,Griffith,US,2022-04-18 23:30:22,41.5284,-87.4237,37.99,71,100,18.41
535,Seymchan,RU,2022-04-18 23:30:23,62.8833,152.4333,16.39,82,69,4.99
536,Koltsovo,RU,2022-04-18 23:30:24,54.9376,83.1825,27.79,65,100,8.61
537,Artyom,AZ,2022-04-18 23:30:24,40.4723,50.333,53.74,89,25,13.62
538,Treinta Y Tres,UY,2022-04-18 23:30:25,-33.2333,-54.3833,60.91,83,85,6.98
539,Castanos,MX,2022-04-18 23:30:26,26.7833,-101.4167,88.34,38,40,21.85
540,Tonj,SS,2022-04-18 23:30:26,7.2737,28.6822,83.48,50,66,6.02
541,Hobyo,SO,2022-04-18 23:30:27,5.3505,48.5268,81.86,77,78,8.28
542,Douglas,US,2022-04-18 23:28:11,41.3,-96.167,53.53,24,0,20.71
543,Mananjary,MG,2022-04-18 23:30:28,-21.2167,48.3333,72.36,90,37,2.62
544,Santarem,BR,2022-04-18 23:28:53,-2.4431,-54.7083,78.93,94,20,3.44
545,Port Macquarie,AU,2022-04-18 23:30:29,-31.4333,152.9167,71.89,68,62,9.48
546,Okhotsk,RU,2022-04-18 23:30:30,59.3833,143.3,26.55,90,100,11.74
547,Havelock,US,2022-04-18 23:25:34,34.8791,-76.9013,57.15,94,100,13.8
548,Aktau,KZ,2022-04-18 23:31:31,43.65,51.2,48.78,67,90,10.92
549,Martapura,ID,2022-04-18 23:31:32,-3.4167,114.85,78.89,94,20,2.3
550,Manica,FR,2022-04-18 23:31:32,49.0,-1.1667,39.97,96,75,2.13
551,Tiarei,PF,2022-04-18 23:31:33,-17.5333,-149.3333,86.02,72,20,5.12
552,Winona,US,2022-04-18 23:28:28,43.9666,-91.7668,37.2,68,100,18.41
553,Asau,RO,2022-04-18 23:31:34,46.4333,26.4,33.96,88,92,2.62
554,Marsaxlokk,MT,2022-04-18 23:31:35,35.8419,14.5431,56.08,82,0,5.75
555,Alihe,CN,2022-04-18 23:31:35,50.5667,123.7167,56.91,41,87,8.81
556,Kaka,TM,2022-04-18 23:31:36,37.3482,59.6143,54.75,66,98,5.06
557,Panlaitan,PH,2022-04-18 23:31:36,12.1191,119.8486,82.94,69,12,4.36
558,Luanda,AO,2022-04-18 23:31:37,-8.8368,13.2343,77.36,92,100,5.82
559,Islamkot,PK,2022-04-18 23:31:38,24.6997,70.177,74.66,90,37,10.83
560,Lipetsk,RU,2022-04-18 23:31:38,52.6031,39.5708,45.91,94,100,11.72
561,Dimitrovgrad,RU,2022-04-18 23:31:39,54.2139,49.6184,44.26,94,100,5.55
562,Nara,JP,2022-04-18 23:31:39,34.6851,135.8049,59.97,36,64,4.07
563,Qaqortoq,GL,2022-04-18 23:31:40,60.7167,-46.0333,32.76,84,100,1.21
564,Luau,AO,2022-04-18 23:31:41,-10.7073,22.2247,63.91,96,57,3.96
565,Maraa,BR,2022-04-18 23:31:41,-1.8333,-65.3667,74.32,97,100,0.43
566,Grafton,US,2022-04-18 23:31:42,42.207,-71.6856,48.47,62,0,12.66
567,Noumea,NC,2022-04-18 23:27:23,-22.2763,166.4572,81.0,99,38,4.7
568,Neyshabur,IR,2022-04-18 23:31:43,36.2133,58.7958,48.67,77,100,5.73
569,Shenzhen,CN,2022-04-18 23:31:44,22.5455,114.0683,70.14,94,100,6.64
570,Majene,ID,2022-04-18 23:31:44,-3.5403,118.9707,80.73,83,100,3.91
571,Saint George,US,2022-04-18 23:31:01,37.1041,-113.5841,87.64,6,0,8.05
572,Dandong,CN,2022-04-18 23:27:31,40.1292,124.3947,55.6,36,0,3.53
573,Xining,CN,2022-04-18 23:31:46,36.6167,101.7667,37.72,61,83,4.09
574,Sitka,US,2022-04-18 23:31:46,57.0531,-135.33,51.69,25,75,14.97
575,Half Moon Bay,US,2022-04-18 23:31:47,37.4636,-122.4286,72.45,53,75,16.11
576,Winslow,US,2022-04-18 23:31:47,35.0242,-110.6974,80.78,4,0,23.02
577,Gopalganj,IN,2022-04-18 23:31:48,26.4667,84.4333,78.89,68,0,12.73
578,Keelung,TW,2022-04-18 23:31:48,25.1283,121.7419,68.05,88,100,10.22
579,Calamar,CO,2022-04-18 23:31:49,10.2511,-74.9146,82.9,67,100,9.55
580,Saint Albans,GB,2022-04-18 23:31:50,51.75,-0.3333,52.97,74,100,9.22
581,Llanes,ES,2022-04-18 23:31:50,43.4198,-4.7549,51.15,91,100,14.38
582,Kahului,US,2022-04-18 23:31:51,20.8947,-156.47,82.42,54,20,20.71
583,Cocobeach,GA,2022-04-18 23:31:51,1.0002,9.5823,79.77,84,99,3.85
584,Marrakesh,MA,2022-04-18 23:27:27,31.6315,-8.0083,64.47,68,0,5.75
585,Kjollefjord,NO,2022-04-18 23:31:53,70.9457,27.3465,39.25,94,100,21.16
586,Kalanguy,RU,2022-04-18 23:31:53,51.0167,116.5167,52.48,48,100,4.79
587,Seoul,KR,2022-04-18 23:28:04,37.5683,126.9778,53.17,64,0,4.61
588,Caiaponia,BR,2022-04-18 23:31:54,-16.9567,-51.8103,69.42,71,12,2.71
589,Tautira,PF,2022-04-18 23:31:55,-17.7333,-149.15,80.28,74,20,6.49
590,Verkh-Usugli,RU,2022-04-18 23:31:55,52.7,115.1667,47.71,57,97,11.9
591,Buraydah,SA,2022-04-18 23:31:56,26.326,43.975,72.05,10,28,6.35
592,Porto Novo,BJ,2022-04-18 23:28:42,6.4965,2.6036,78.62,84,100,0.85
593,Deputatskiy,RU,2022-04-18 23:31:57,69.3,139.9,7.29,93,97,3.38
594,Arman,RU,2022-04-18 23:32:58,59.7,150.1667,25.02,85,87,6.44
595,Eureka,US,2022-04-18 23:32:58,40.8021,-124.1637,50.67,79,100,1.99
596,Petatlan,MX,2022-04-18 23:32:59,17.5167,-101.2667,85.8,51,29,4.7
597,Sur,OM,2022-04-18 23:33:00,22.5667,59.5289,81.59,61,0,7.14
598,Abnub,EG,2022-04-18 23:33:00,27.2696,31.1511,75.42,38,99,15.19
599,Soeng Sang,TH,2022-04-18 23:33:01,14.4264,102.4606,71.83,85,99,5.39
600,Minab,IR,2022-04-18 23:33:02,27.1467,57.0801,71.92,73,12,0.0
601,Elk,PL,2022-04-18 23:33:02,53.8282,22.3647,37.45,89,100,10.76
602,Sosnovo-Ozerskoye,RU,2022-04-18 23:33:03,52.5249,111.5418,45.32,64,89,15.17
603,Virginia Beach,US,2022-04-18 23:31:44,36.8529,-75.978,62.04,91,100,1.99
604,Pacifica,US,2022-04-18 23:32:41,37.6138,-122.4869,70.65,61,75,16.11
605,Beyneu,KZ,2022-04-18 23:33:05,45.3167,55.2,61.16,38,25,9.73
606,Jasper,US,2022-04-18 23:33:05,37.2001,-94.3502,59.68,28,0,10.36
607,Brainerd,US,2022-04-18 23:33:06,46.358,-94.2008,35.85,48,100,18.41
